{
  "rows": 284807,
  "columns": 31,
  "null_values": 0,
  "class_distribution": {
    "legitimate": 284315,
    "fraud": 492
  },
  "fraud_rate_percent": 0.1727,
  "median_amount": {
    "legitimate": 22.0,
    "fraud": 9.25
  },
  "top_correlated_features": {
    "V17": -0.32648106724371595,
    "V14": -0.3025436958044028,
    "V12": -0.26059292487722485,
    "V10": -0.21688294364103206,
    "V16": -0.19653894030401736,
    "V3": -0.19296082706741602,
    "V7": -0.18725659151430013,
    "V11": 0.15487564474394433,
    "V4": 0.13344748623900718,
    "V18": -0.11148525388904133
  }
}