{
  "IsolationForest": {
    "precision": 0.32038834951456313,
    "recall": 0.336734693877551,
    "f1": 0.3283582089552239,
    "roc_auc": 0.9542013238891505,
    "pr_auc": 0.19421646297328982
  },
  "OneClassSVM": {
    "precision": 0.07236268526591107,
    "recall": 0.8469387755102041,
    "f1": 0.13333333333333333,
    "roc_auc": 0.9456034735222171,
    "pr_auc": 0.34518087428887456
  },
  "RandomForest_SMOTE": {
    "precision": 0.640625,
    "recall": 0.8367346938775511,
    "f1": 0.7256637168141593,
    "roc_auc": 0.9822871326358343,
    "pr_auc": 0.8433850673683752
  },
  "XGBoost_SMOTE_Tuned": {
    "precision": 0.359504132231405,
    "recall": 0.8877551020408163,
    "f1": 0.5117647058823529,
    "roc_auc": 0.9801210263227407,
    "pr_auc": 0.8586512410873072
  }
}