sampling_strategy,f1_score
0.05,0.8602150537634409
0.1,0.8449197860962567
0.2,0.8465608465608465
0.5,0.8421052631578947
